year,place,days,gross,On-site,telephone,Off-site
2022,桐生,188,134887252700,4926607700,106117355100,23843289900
2022,戸田,198,92670454000,10964578500,61316483900,20389391600
2022,江戸川,180,73956243400,6618870700,53910686300,13426686400
2022,平和島,180,84178116100,7720213400,58674201300,17783701400
2022,多摩川,192,79544500000,7029724100,56848533400,15666242500
2022,浜名湖,205,85144559400,6890334300,61501566300,16752658800
2022,蒲郡,192,149360476200,5776035200,119312569000,24271872000
2022,常滑,200,69535015100,4875812600,51236354300,13422848200
2022,津,180,56510583600,3182042300,42444109800,10884431500
2022,三国,180,73731012300,2812905000,59012879000,11905228300
2022,琵琶湖,186,69349105900,3402008000,52487476100,13459621800
2022,住之江,198,167899013300,9026803400,128649613800,30222596100
2022,尼崎,186,85543383700,5320013100,63084796900,17138573700
2022,鳴門,186,80930335000,2783973900,65482325500,12664035600
2022,丸亀,192,144953416600,2735126500,117313309500,24904980600
2022,児島,198,78887590000,3982740000,59023616300,15881233700
2022,宮島,201,89156994200,3007232900,69776948300,16372813000
2022,徳山,198,84437826800,1713206300,70268374600,12456245900
2022,下関,186,136453429800,1444867900,112635225100,22373336800
2022,若松,192,141834334800,2696874800,116075176500,23062283500
2022,芦屋,192,88738638200,2893277000,72553696000,13291665200
2022,福岡,192,70768514600,7247490100,50808223400,12712801100
2022,唐津,198,95053078800,1685978700,77155013800,16212086300
2022,大村,200,180723017300,2699290300,149765007800,28258719200
2000,桐生,180,59059239300,44015343800,9439050600,5604844900
2000,戸田,180,95673877700,69672483600,9442610100,16558784000
2000,江戸川,177,43525392600,39193388700,4332003900,0
2000,平和島,180,102584950500,70218853800,9764950100,22601146600
2000,多摩川,180,66681527600,48459609500,6830068200,11391849900
2000,浜名湖,180,59966341200,39380148200,7721152300,12865040700
2000,蒲郡,180,87105938100,49457462100,13799874400,23848601600
2000,常滑,180,42167302200,32531962100,6266190400,3369149700
2000,津,180,34110409600,25933773900,6409636800,1766998900
2000,三国,180,33011248200,26429611700,5810972500,770664000
2000,琵琶湖,156,27503531300,21791853800,5711677500,0
2000,住之江,180,137192163000,84216477500,14497751500,38477934000
2000,尼崎,180,109981123700,63558605000,12100709500,34321809200
2000,鳴門,180,34192429200,25730656800,4120348200,4341424200
2000,丸亀,180,41855608900,27710052500,4870164700,9275391700
2000,児島,180,36792970500,30329312300,3178499700,3285158500
2000,宮島,180,52356721200,25704240000,6829526300,19822954900
2000,徳山,180,31697428900,17470949000,4951515100,9274964800
2000,下関,180,41235517100,18701949400,6298425100,16235142600
2000,若松,180,50405735400,26247281800,6984895000,17173558600
2000,芦屋,156,34338355200,22663841900,3422799500,8251713800
2000,福岡,180,59232210200,55126966000,4105244200,0
2000,唐津,180,29585335100,19576245100,3887294800,6121795200
2000,大村,180,24529961700,19273540700,4667215700,589205300
2001,桐生,145,39708291800,30166789800,6840579100,2700922900
2001,戸田,180,78676316800,67658432100,6545223300,4472661400
2001,江戸川,180,44050859400,39939842300,4111017100,0
2001,平和島,180,100440328900,71700471200,10759191100,17980666600
2001,多摩川,180,84004785900,50275527300,9887804600,23841454000
2001,浜名湖,180,65142620000,38653101400,7677899900,18811618700
2001,蒲郡,180,61264183400,43515524300,11236164700,6512494400
2001,常滑,180,59217337300,33632655700,8474001400,17110680200
2001,津,180,37715696500,21660526200,5696805600,10358364700
2001,三国,180,28908095600,23517173500,5061885400,329036700
2001,琵琶湖,156,26675397500,22775163400,3817119400,83114700
2001,住之江,180,153398016300,84961663000,21608555100,46827798200
2001,尼崎,180,114191961200,69761890100,15027328400,29402742700
2001,鳴門,180,32807006800,24978551200,3414052100,4414403500
2001,丸亀,180,35209826200,23461335500,2509515700,9238975000
2001,児島,180,59452636700,34560399000,6862155800,18030081900
2001,宮島,180,23594882900,20105790100,2244921000,1244171800
2001,徳山,180,34973711000,15974887500,4715813600,14283009900
2001,下関,180,24183285100,17782698400,3667844600,2732742100
2001,若松,180,26397196600,22925135200,2605157700,866903700
2001,芦屋,156,32966379500,20699695900,3590154100,8676529500
2001,福岡,180,54032536000,49144413600,4549159500,338962900
2001,唐津,180,41852081400,17125681000,5617779000,19108621400
2001,大村,180,22305507900,18959811400,2646445600,699250900
2002,桐生,180,36783489500,28296796900,5580553600,2906139000
2002,戸田,180,91712259000,58900843800,8612505200,24198910000
2002,江戸川,180,43811526600,34909099600,4814904300,4087522700
2002,平和島,180,91957538000,60969152600,8741152400,22247233000
2002,多摩川,180,59083169500,43599965800,6165953300,9317250400
2002,浜名湖,180,44383080200,33138320400,7004030200,4240729600
2002,蒲郡,192,79153469900,40965543200,14485813000,23702113700
2002,常滑,186,37419383800,28414783500,5696165800,3308434500
2002,津,180,45097104900,21175711900,8022014400,15899378600
2002,三国,180,26813867300,20848933200,4689377600,1275556500
2002,琵琶湖,156,28459200500,21831087300,5256605300,1371507900
2002,住之江,180,136063270000,73715440500,16225167100,46122662400
2002,尼崎,180,110665263600,61919477800,13448018100,35297767700
2002,鳴門,180,28790758700,21270515800,3247445800,4272797100
2002,丸亀,180,42523183600,21274422600,4351466600,16897294400
2002,児島,180,36486996000,28052044700,3730009800,4704941500
2002,宮島,180,42269766900,20440184000,5217087600,16612495300
2002,徳山,180,23736032600,13368772200,3056702000,7310558400
2002,下関,180,18886606600,13938634100,2561983500,2385989000
2002,若松,180,46778031000,22264745000,6458119000,18055167000
2002,芦屋,156,36102924800,16523931000,4317484200,15261509600
2002,福岡,180,47416736600,43294266700,3822997800,299472100
2002,唐津,180,23495577400,15089387700,2889255000,5516934700
2002,大村,180,21207035100,16936996900,3505065000,764973200
2003,桐生,180,36665166000,23830003900,7601738200,5233423900
2003,戸田,180,83579383100,52647531400,8470756900,22461094800
2003,江戸川,180,36113777500,29624314600,4514834700,1974628200
2003,平和島,180,81619747600,50432046800,9270938000,21916762800
2003,多摩川,180,64723084000,39146063300,7677049800,17899970900
2003,浜名湖,192,41176490400,29398248400,6831644600,4946597400
2003,蒲郡,186,71869283200,34258630400,15573229300,22037423500
2003,常滑,192,34624629700,25611919100,5771297600,3241413000
2003,津,180,22378945800,17830816600,3561272500,986856700
2003,三国,180,23610853700,16916875900,4989567000,1704410800
2003,琵琶湖,156,36696933600,18065213900,6495424200,12136295500
2003,住之江,180,113901826600,62311537800,14065121500,37525167300
2003,尼崎,180,88392636700,51914280000,11236577700,25241779000
2003,鳴門,180,25176241900,18093639300,3084861800,3997740800
2003,丸亀,180,48227765500,18975187200,5610181700,23642396600
2003,児島,180,30425607200,23300733400,2871416800,4253457000
2003,宮島,180,24039379000,17462550800,3833567400,2743260800
2003,徳山,180,31112355300,11377649900,3997032000,15737673400
2003,下関,180,19163615200,12519002200,3418058200,3226554800
2003,若松,180,21360857200,16605225600,2854856000,1900775600
2003,芦屋,156,27981924100,15706026800,4124177000,8151720300
2003,福岡,180,54653476200,37576002600,5536949200,11540524400
2003,唐津,180,39927544000,14132089800,6532582300,19262871900
2003,大村,180,17711331400,13527373000,2903366000,1280592400
2004,桐生,180,34353488100,21511633000,7486252900,5355602200
2004,戸田,180,64613857400,45362805800,5816314800,13434736800
2004,江戸川,180,32629891500,25372476400,3798426000,3458989100
2004,平和島,180,54181499300,41971748000,5819583300,6390168000
2004,多摩川,180,57656116900,32666038000,6967979300,18022099600
2004,浜名湖,198,54597010600,26075206800,8030363700,20491440100
2004,蒲郡,192,65011004700,30439407700,13286495300,21285101700
2004,常滑,186,30462894900,22364461100,4897415700,3201018100
2004,津,180,22194010500,16039996900,3874699300,2279314300
2004,三国,180,22251781300,14538619000,4558618000,3154544300
2004,琵琶湖,156,21227039300,14373379300,4642095700,2211564300
2004,住之江,180,107996972100,55009325000,13675749500,39311897600
2004,尼崎,180,85644310900,45614015000,11196348700,28833947200
2004,鳴門,180,24380123600,15533740400,3010605500,5835777700
2004,丸亀,180,24577942200,13946398200,2539421900,8092122100
2004,児島,180,41738052300,20041833900,4784062200,16912156200
2004,宮島,156,29623431000,12054818200,4426459800,13142153000
2004,徳山,156,17990476100,8732785400,2645571900,6612118800
2004,下関,180,18374577700,10204898000,3388244600,4781435100
2004,若松,180,45213770900,15996551400,10170298900,19046920600
2004,芦屋,156,21870665200,12437476700,3050487600,6382700900
2004,福岡,180,56789221600,35080441700,5978760300,15730019600
2004,唐津,180,23322656000,11857449800,4890859300,6574346900
2004,大村,180,27076312600,11422362200,4845993700,10807956700
2005,桐生,180,54941314500,20432090300,10922097400,23587126800
2005,戸田,180,64504249800,40478552300,6474330000,17551367500
2005,江戸川,180,32336579500,25543054200,4181514200,2612011100
2005,平和島,180,66429495900,39962874500,8574058300,17892563100
2005,多摩川,180,40669493400,28799930400,4750350800,7119212200
2005,浜名湖,198,46273317600,24811846000,6354072000,15107399600
2005,蒲郡,186,55367329900,26334074200,16187973200,12845282500
2005,常滑,186,46523223000,21592893500,6825180200,18105149300
2005,津,180,34095561800,14811196600,5420107300,13864257900
2005,三国,180,22195812400,13485096400,5253833500,3456882500
2005,琵琶湖,156,18066511900,12760733100,4014676600,1291102200
2005,住之江,180,102553112400,52717928000,14679695300,35155489100
2005,尼崎,180,65164691800,40892815300,9328663100,14943213400
2005,鳴門,180,23054985100,13693677000,3342351000,6018957100
2005,丸亀,180,25909836500,13357620400,3380136300,9172079800
2005,児島,180,25260598100,17360759400,3339016100,4560822600
2005,宮島,156,18689781600,10559394100,3425667400,4704720100
2005,徳山,156,13605875800,6977450600,2405488400,4222936800
2005,下関,180,33761290300,9520673800,5732752700,18507863800
2005,若松,180,56393123900,15418321900,16284599600,24690202400
2005,芦屋,156,38301404300,12726789000,5735233200,19839382100
2005,福岡,180,36695084700,30844353000,3657009300,2193722400
2005,唐津,180,28371787100,10028077400,5320558900,13023150800
2005,大村,180,25173633300,12023285200,5944176400,7206171700
2006,桐生,180,54698257800,18017569500,13794653600,22886034700
2006,戸田,180,69282788900,38317443100,8165906400,22799439400
2006,江戸川,180,33823632000,23138131900,5864932700,4820567400
2006,平和島,180,65090047900,36917564400,8882715800,19289767700
2006,多摩川,180,44051594200,26234803100,6245024200,11571766900
2006,浜名湖,200,56008527600,23545395700,9018781800,23444350100
2006,蒲郡,180,63142000000,23092053100,22374048700,17675898200
2006,常滑,180,27520192200,17148695500,4417271000,5954225700
2006,津,180,19849972300,13159665600,3951730500,2738576200
2006,三国,180,21552470200,12351438000,5762923600,3438108600
2006,琵琶湖,156,23364429500,12032546500,5316491400,6015391600
2006,住之江,180,101897149200,49503684900,16633322300,35760142000
2006,尼崎,180,67732952100,36345910500,9855791200,21531250400
2006,鳴門,180,23989335200,12687076000,3889916300,7412342900
2006,丸亀,180,36397477600,12919808300,5972977400,17504691900
2006,児島,180,24222892400,15398343900,3425184800,5399363700
2006,宮島,156,20096447100,9486111400,3881367100,6728968600
2006,徳山,156,21207947400,6181269400,4293005600,10733672400
2006,下関,180,15533038800,8041081100,3487026200,4004931500
2006,若松,180,55021527800,13880299800,18534773700,22606454300
2006,芦屋,156,25391316600,11167141500,4226759100,9997416000
2006,福岡,180,50294954800,29656839100,6393642400,14244473300
2006,唐津,180,19354344000,8978796400,4273216700,6102330900
2006,大村,156,30863521600,9758394600,7448680300,13656446700
2007,桐生,180,56673727100,15846093100,14571676300,26255957700
2007,戸田,180,67858061500,35117064600,8857266800,23883730100
2007,江戸川,168,31558482300,19269161300,6042890500,6246430500
2007,平和島,180,66273202500,32188097100,10224417200,23860688200
2007,多摩川,180,38719950800,23122309000,6125606300,9472035500
2007,浜名湖,200,48656943400,21477449800,8715161400,18464332200
2007,蒲郡,186,91874853400,22554555100,30494141300,38826157000
2007,常滑,180,30433856000,14980401800,5723919700,9729534500
2007,津,180,29574996300,12531830000,5776288900,11266877400
2007,三国,180,26485548500,11698528400,6842440900,7944579200
2007,琵琶湖,156,24693188400,9468711100,5737988800,9486488500
2007,住之江,180,100133939900,35617094500,19112291600,45404553800
2007,尼崎,180,62456328700,25256177300,11191016600,26009134800
2007,鳴門,180,22710341500,10638172700,4035434100,8036734700
2007,丸亀,180,32032608400,10974418000,5855058300,15203132100
2007,児島,180,37169977300,15521726400,6200167800,15448083100
2007,宮島,156,20335491700,8321108400,4101753500,7912629800
2007,徳山,156,12225502800,5444689200,2785792700,3995020900
2007,下関,180,14630193400,7004470400,3958178100,3667544900
2007,若松,180,58371667400,13643717900,21975559500,22752390000
2007,芦屋,156,26092980800,10536436100,5038260500,10518284200
2007,福岡,180,53084477500,27240670200,8253228000,17590579300
2007,唐津,180,20924034000,8455861200,5049910300,7418262500
2007,大村,180,34543544200,10740929200,9246282000,14556333000
2008,桐生,186,46762032700,14005662500,14508381300,18247988900
2008,戸田,180,55546847800,30416452200,8181929100,16948466500
2008,江戸川,,,,,
2008,平和島,180,64086755800,26296668400,11724289300,26065798100
2008,多摩川,186,50194159200,21096138600,9063338700,20034681900
2008,浜名湖,206,46340796100,18785306200,9693322800,17862167100
2008,蒲郡,192,100577008200,20724000900,34911428600,44941578700
2008,常滑,186,27061090800,13456273300,5481181000,8123636500
2008,津,186,29003801500,11564522700,6778912800,10660366000
2008,三国,180,25435224300,10285570800,6771930300,8377723200
2008,琵琶湖,156,29408780000,8277718800,6991613900,14139447300
2008,住之江,186,95195273900,29290466700,21726342900,44178464300
2008,尼崎,186,57217039300,20617478100,10830587600,25768973600
2008,鳴門,180,23251851900,9339091500,4918816700,8993943700
2008,丸亀,186,35218151800,9952002500,7516762400,17749386900
2008,児島,180,22907322800,13418850700,4662516800,4825955300
2008,宮島,156,24646635300,7386062700,4983813400,12276759200
2008,徳山,162,15906864400,5481902400,4275797500,6149164500
2008,下関,186,21124854200,7134309400,5912137800,8078407000
2008,若松,186,78013569500,12375334200,30980220400,34658014900
2008,芦屋,156,37336391900,9885090300,7964709700,19486591900
2008,福岡,180,30485882800,21251464700,5016771500,4217646600
2008,唐津,186,24223628200,7101617000,5944548700,11177462500
2008,大村,186,37262119900,9937441700,12895728900,14428949300
2009,桐生,180,47318711700,12432574400,15951107100,18935030200
2009,戸田,186,59127838200,28722132300,9327970600,21077735300
2009,江戸川,168,27670593100,13402687900,5752204500,8515700700
2009,平和島,180,51471338600,21467039400,9759120600,20245178600
2009,多摩川,180,32369225300,17216769500,6036793300,9115662500
2009,浜名湖,206,41829332000,16396127700,9378552800,16054651500
2009,蒲郡,192,69422163900,15966484600,26196420500,27259258800
2009,常滑,186,36291201800,12035549100,8632523800,15623128900
2009,津,180,21412471800,9451798500,5665395300,6295278000
2009,三国,180,22706436100,9201993300,6659395300,6845047500
2009,琵琶湖,156,21188756500,7174956700,6064872700,7948927100
2009,住之江,180,80432112400,24467186200,19340187700,36624738500
2009,尼崎,180,54128869000,19004097700,11061375900,24063395400
2009,鳴門,180,23481488300,8987209000,4735794800,9758484500
2009,丸亀,186,66458883200,8686451000,25182818200,32589614000
2009,児島,186,22902592200,11995459700,5469895500,5437237000
2009,宮島,156,15856542900,5975430000,4039753100,5841359800
2009,徳山,162,16534235300,5029570200,4847795800,6656869300
2009,下関,186,26483424500,6737905100,7499892400,12245627000
2009,若松,186,66439165900,10448749000,25703506100,30286910800
2009,芦屋,162,21416086200,7736839900,5082286000,8596960300
2009,福岡,186,40862280900,20577441500,8271289700,12013549700
2009,唐津,180,24155135400,6128822000,6633287200,11393026200
2009,大村,186,35786668400,9625524600,13507414500,12653729300
2010,桐生,174,48762801800,10074910400,15805533000,22882358400
2010,戸田,174,44015961300,22559971500,6769077300,14686912500
2010,江戸川,169,22672192600,11441805200,4933536400,6296851000
2010,平和島,170,34308555200,15985401500,7357351800,10965801900
2010,多摩川,173,32937972100,14580606700,6636700600,11720664800
2010,浜名湖,190,41510206500,13713188600,9911510900,17885507000
2010,蒲郡,173,70630973400,12415006800,25832588300,32383378300
2010,常滑,182,26104306700,9830846500,6673391000,9600069200
2010,津,174,18627641800,7743857500,5248092500,5635691800
2010,三国,179,26416226800,7834943600,7422251400,11159031800
2010,琵琶湖,146,24009888600,5895605500,6207630400,11906652700
2010,住之江,172,71581233200,19178117900,19339769600,33063345700
2010,尼崎,169,37531296600,13442944300,8101767200,15986585100
2010,鳴門,174,18356583700,7227354100,4645275500,6483954100
2010,丸亀,173,64062184200,6007960300,24328031200,33726192700
2010,児島,179,26151035100,10305668800,6873793200,8971573100
2010,宮島,149,20264921800,5236026100,5103763800,9925131900
2010,徳山,147,20333445500,4013301000,5689545800,10630598700
2010,下関,169,14912957400,5120392500,4586137900,5206427000
2010,若松,175,54326376600,7948649600,21880551400,24497175600
2010,芦屋,179,26173817800,7061952700,10007259700,9104605400
2010,福岡,169,27679999400,15720711000,5452508600,6506779800
2010,唐津,182,29695963500,5446909300,9049747800,15199306400
2010,大村,177,42396245400,8570401900,14476661300,19349182200
2011,桐生,184,50991271000,9593510400,18291320000,23106440600
2011,戸田,198,66201583900,24226592500,13174902700,28800088700
2011,江戸川,189,25813243000,11516392900,6069232700,8227617400
2011,平和島,190,43581309800,16168620800,9435034600,17977654400
2011,多摩川,191,40625395600,14900477700,8332559900,17392358000
2011,浜名湖,209,31495409100,12503065800,7677720600,11314622700
2011,蒲郡,204,77975731800,13123203800,27415131400,37437396600
2011,常滑,188,29141842300,9458026100,6622950400,13060865800
2011,津,189,21232217900,7509096500,5984221100,7738900300
2011,三国,186,20714096000,7151596800,5821147400,7741351800
2011,琵琶湖,166,24421160200,6339009200,6061254500,12020896500
2011,住之江,187,76331855800,17647153900,21242890400,37441811500
2011,尼崎,197,51700953400,13387562900,11904113900,26409276600
2011,鳴門,186,19705591300,7274842100,4969756500,7460992700
2011,丸亀,199,56658467300,5215829600,22618357700,28824280000
2011,児島,192,33173267800,9612514100,9324441700,14236312000
2011,宮島,168,18751023500,5008649700,5698467300,8043906500
2011,徳山,176,21175330000,3772464300,9520443400,7882422300
2011,下関,190,15840883900,4802622000,5425513600,5612748300
2011,若松,196,56066630000,6881418400,22564979300,26620232300
2011,芦屋,192,31628899400,5997887900,14643075900,10987935600
2011,福岡,197,41350446900,16357143000,9035088800,15958215100
2011,唐津,184,21954955100,3407426300,10322672900,8224855900
2011,大村,195,43310680700,8203904700,15610708400,19496067600
2012,桐生,186,65666608100,9777959800,22613890100,33274758200
2012,戸田,180,45336636100,20061667500,7997441600,17277527000
2012,江戸川,180,26379846400,9545208900,6714397100,10120240400
2012,平和島,186,40934751100,13519923400,9863880200,17550947500
2012,多摩川,180,30831743700,12521549100,6676091500,11634103100
2012,浜名湖,200,36525474700,11993819600,9376920400,15154734700
2012,蒲郡,186,65159237600,9419131400,24396982300,31343123900
2012,常滑,210,26095256400,9494860300,6562916500,10037479600
2012,津,186,23077700700,6572055000,6762619100,9743026600
2012,三国,180,20596845400,6063983100,5881860400,8651001900
2012,琵琶湖,168,23256714300,5507445200,6350859900,11398409200
2012,住之江,180,77795199200,15102319300,22287771700,40405108200
2012,尼崎,186,46166232900,11107625300,10861371100,24197236500
2012,鳴門,180,20131596300,6093405500,5602077800,8436113000
2012,丸亀,192,59697679200,4347090800,24240012800,31110575600
2012,児島,192,33008064000,8363087600,9766344900,14878631500
2012,宮島,162,17851458300,4280128300,5682635700,7888694300
2012,徳山,168,26931362100,2945598500,12267021100,11718742500
2012,下関,186,23002415100,3961812300,7613034400,11427568400
2012,若松,192,64595620300,4572943200,25337055900,34685621200
2012,芦屋,192,37547505700,5199021800,17310793900,15037690000
2012,福岡,186,36051010400,13532937400,8251781700,14266291300
2012,唐津,186,23644298800,2641435900,12261910800,8740952100
2012,大村,186,47274571700,5000983900,17116257800,25157330000
2013,桐生,186,64510285000,8475125200,22837534300,33197625500
2013,戸田,186,44512740000,18284958900,8471162700,17756618400
2013,江戸川,180,25770429900,8652050800,6740604600,10377774500
2013,平和島,186,46978830800,12737105300,11295543100,22946182400
2013,多摩川,180,32434247600,11619141500,6932774900,13882331200
2013,浜名湖,186,30671843700,9902227300,8128714200,12640902200
2013,蒲郡,180,61731108900,8076915100,23874894800,29779299000
2013,常滑,200,36132051000,9016386500,9537238600,17578425900
2013,津,192,27027779200,6221398400,8158139800,12648241000
2013,三国,186,21413366700,5506790500,7105890500,8800685700
2013,琵琶湖,174,28629153000,5578732700,7654044700,15396375600
2013,住之江,186,78233965300,13244395900,24230310100,40759259300
2013,尼崎,186,45068847700,9402304800,10483365800,25183177100
2013,鳴門,186,23821426200,5814120800,6948762400,11058543000
2013,丸亀,198,78557679800,4656937200,31414327400,42486415200
2013,児島,186,24541432500,7227542600,7601312400,9712577500
2013,宮島,162,17976791200,3815134600,5921345000,8240311600
2013,徳山,186,24214862500,2962010100,13401944800,7850907600
2013,下関,180,21428104000,3301432800,7915009800,10211661400
2013,若松,198,73061629200,4638619800,28338232900,40084776500
2013,芦屋,192,39756393200,4873891100,19222305500,15660196600
2013,福岡,200,39585376900,13547254500,9778606000,16259516400
2013,唐津,186,23486217500,2491680500,12950467900,8044069100
2013,大村,186,38048984800,3967929400,15395086100,18685969300
2014,桐生,191,67818050300,7153989800,26630683900,34033376600
2014,戸田,186,50985668300,18052114800,11534602400,21398951100
2014,江戸川,180,26463160000,8066179100,7947387300,10449593600
2014,平和島,186,53861213900,12460735800,15779248500,25621229600
2014,多摩川,180,31072163600,10366266700,7979524300,12726372600
2014,浜名湖,202,38766418900,10178444400,11685164600,16902809900
2014,蒲郡,186,70074777700,8839760000,29151838200,32083179500
2014,常滑,203,34316120500,8291661400,10500260700,15524198400
2014,津,192,22198290600,5612432500,7141825500,9444032600
2014,三国,188,25454509800,4709541900,9030550500,11714417400
2014,琵琶湖,168,28988163900,5070044200,8808739700,15109380000
2014,住之江,186,73871714300,10934966400,24946945900,37989802000
2014,尼崎,186,45781432400,8378701100,12196319000,25206412300
2014,鳴門,,,,,
2014,丸亀,204,78635935100,4696554900,34343135800,39596244400
2014,児島,190,29365006800,6670360600,9801721100,12892925100
2014,宮島,198,36368333600,4215146700,11850411800,20302775100
2014,徳山,192,26942125100,2692428200,16342857800,7906839100
2014,下関,192,27213144700,3174966000,11016446300,13021732400
2014,若松,204,80488011500,4482564800,32838317800,43167128900
2014,芦屋,200,34737208500,4397193300,19331725400,11008289800
2014,福岡,200,40860651800,13444160800,11423263800,15993227200
2014,唐津,192,31861726600,2541970700,16275264400,13044491500
2014,大村,191,39164364200,3380552700,16689375100,19094436400
2015,桐生,194,71361439600,7243259800,30591969800,33526210000
2015,戸田,186,45179103200,16403615700,10951095600,17824391900
2015,江戸川,180,29590086900,7726871800,9352685300,12510529800
2015,平和島,186,48400244700,11051852600,14704991300,22643400800
2015,多摩川,180,37215084900,10247788700,10531778200,16435518000
2015,浜名湖,203,36455306500,9342056700,12229313100,14883936700
2015,蒲郡,198,90921260800,9625812100,39419985000,41875463700
2015,常滑,204,27893041100,7474287400,8976049200,11442704500
2015,津,192,25409870600,5299838900,8929042100,11180989600
2015,三国,188,30013237700,4792847600,11614465700,13605924400
2015,琵琶湖,180,27833455700,4731019200,9363179500,13739257000
2015,住之江,186,79614480100,10974677400,29066257800,39573544900
2015,尼崎,186,41496886500,7556031100,12046758600,21894096800
2015,鳴門,,,,,
2015,丸亀,204,81934334200,4402622300,36856210600,40675501300
2015,児島,192,31603052500,6205106700,11349329400,14048616400
2015,宮島,198,45831435700,4282751400,15843583700,25705100600
2015,徳山,192,33606909100,2586061300,19438323600,11582524200
2015,下関,179,23603911700,2461236300,10090690900,11051984500
2015,若松,192,70499569800,3792090500,30207778800,36499700500
2015,芦屋,200,43562807500,4697869800,23789004000,15075933700
2015,福岡,186,38902764800,11504764600,11486297100,15911703100
2015,唐津,192,31462002000,2271194600,18814492500,10376314900
2015,大村,204,49892123700,3999803800,21434745500,24457574400
2016,桐生,194,89681720000,7277620500,40730199800,41673899700
2016,戸田,186,45902244800,14284293700,13116739800,18501211300
2016,江戸川,180,34189697800,7382227100,12340463500,14467007200
2016,平和島,186,46621879700,10139825600,15727572800,20754481300
2016,多摩川,180,35849326000,9071554900,11543089500,15234681600
2016,浜名湖,200,34606591000,8264882400,12282198200,14059510400
2016,蒲郡,192,87769879100,8185603200,40913828400,38670447500
2016,常滑,205,30244087700,6642595200,11300348300,12301144200
2016,津,192,31715044200,4765981700,12995973400,13953089100
2016,三国,186,24801375700,3900008400,10453110200,10448257100
2016,琵琶湖,186,34741196600,4621471500,12628566200,17491158900
2016,住之江,186,93186271800,10117000900,40353308600,42715962300
2016,尼崎,186,44045063400,6951008500,14941485700,22152569200
2016,鳴門,186,35567550000,4398504400,13471154400,17697891200
2016,丸亀,198,74281813200,3518847600,36541451300,34221514300
2016,児島,192,32257649800,5744160700,13315344500,13198144600
2016,宮島,198,31828980900,3569325900,12582686200,15676968800
2016,徳山,192,38218015000,2376277600,21573565500,14268171900
2016,下関,168,23157439100,2053712000,11086122100,10017605000
2016,若松,192,73070443800,3542638900,34466205600,35061599300
2016,芦屋,192,42135206900,4094689200,23947757500,14092760200
2016,福岡,192,43999096000,10669958900,15260149400,18068987700
2016,唐津,192,36208245100,2033146700,21409743000,12765355400
2016,大村,198,47072247000,3479635500,22009134200,21583477300
2017,桐生,190,77394378900,6289599900,39111583300,31993195700
2017,戸田,186,50990644900,14057369900,17095041600,19838233400
2017,江戸川,180,37998222800,7039453200,16257822300,14700947300
2017,平和島,186,51515866500,9958102100,20565265300,20992499100
2017,多摩川,180,36224424800,8021832300,13793173200,14409419300
2017,浜名湖,203,43478453800,8375790100,18652404800,16450258900
2017,蒲郡,192,83302366500,7319128800,43796651900,32186585800
2017,常滑,200,35851735600,6470595700,15700418700,13680721200
2017,津,192,30666024100,4265705100,14267817300,12132501700
2017,三国,182,29889535000,3656556200,14244721500,11988257300
2017,琵琶湖,186,39340896800,4458565800,16441867600,18440463400
2017,住之江,186,94778389800,9851348600,46675999100,38251042100
2017,尼崎,186,37139953900,6020206100,13967564600,17152183200
2017,鳴門,186,33716070000,3502418800,15309604100,14904047100
2017,丸亀,198,88504889200,3728384400,48190410800,36586094000
2017,児島,189,32126307100,4825261200,14783563900,12517482000
2017,宮島,198,33557822600,3276474300,14799874100,15481474200
2017,徳山,192,43634258400,2117412100,27080306900,14436539400
2017,下関,186,67550031800,2048414700,38151077300,27350539800
2017,若松,194,84363733100,3817184700,44111215000,36435333400
2017,芦屋,192,54342912100,3784265000,32013031700,18545615400
2017,福岡,186,46122067000,9716119400,18845043300,17560904300
2017,唐津,198,47714433200,1777226100,29784426600,16152780500
2017,大村,198,57677189400,2937443000,30118445400,24621301000
2018,桐生,194,87073312200,6373473900,48145672700,32554165600
2018,戸田,192,64461440800,14737014900,25986532700,23737893200
2018,江戸川,180,40794487000,7045552500,20393833300,13355101200
2018,平和島,186,61868137200,9920990400,26948929400,24998217400
2018,多摩川,183,44049233700,7698848600,18907330000,17443055100
2018,浜名湖,200,49870373800,8258625700,23394732900,18217015200
2018,蒲郡,192,91960852700,7483758400,53417617700,31059476600
2018,常滑,200,35846530200,5838501400,16961269200,13046759600
2018,津,192,37088067600,4133787300,18731527400,14222752900
2018,三国,192,37551406800,3618363700,21555794000,12377249100
2018,琵琶湖,186,38232252300,3915989000,17874671200,16441592100
2018,住之江,186,103346206300,10166353500,54929876100,38249976700
2018,尼崎,186,49205084100,6298493500,21742183200,21164407400
2018,鳴門,180,38768807500,2966669800,23430363400,12371774300
2018,丸亀,198,89090610500,3588595600,51678255100,33823759800
2018,児島,198,38668391500,4767969400,19833086700,14067335400
2018,宮島,198,36805956400,3308821100,18571675100,14925460200
2018,徳山,198,52017708700,2425941300,32740898600,16850868800
2018,下関,180,70871489000,1793656300,42004845000,27072987700
2018,若松,188,78887651600,3465423000,44532682200,30889546400
2018,芦屋,198,62617168400,4092906500,38283129500,20241132400
2018,福岡,186,43732810000,8694332400,18881383900,16157093700
2018,唐津,186,47147060600,1724406200,30301435400,15121219000
2018,大村,192,72837601800,2227744800,46278869600,24330987400
2019,桐生,194,98242517300,6431420600,60478553600,31332543100
2019,戸田,185,59478786500,12496216500,27755484000,19227086000
2019,江戸川,180,46959826200,6798038300,25950353300,14211434600
2019,平和島,186,63414310100,8756100300,35437859400,19220350400
2019,多摩川,186,53256262600,7225194400,27941168800,18089899400
2019,浜名湖,196,49949452100,7092484600,28020591200,14836376300
2019,蒲郡,192,101373107500,6635293200,65579876500,29157937800
2019,常滑,200,49730705900,5529102900,27763040000,16438563000
2019,津,192,39278520400,3741041900,23426727700,12110750800
2019,三国,192,45193135200,3238430200,28716921600,13237783400
2019,琵琶湖,186,40113379800,3626635800,22373213800,14113530200
2019,住之江,186,111640540700,10020436500,67485817200,34134287000
2019,尼崎,186,52389073400,5423616600,28115985800,18849471000
2019,鳴門,180,44708781200,2955206900,30877821400,10875752900
2019,丸亀,192,88759045100,3014086400,59358296500,26386662200
2019,児島,198,47947129000,5095609300,27098780600,15752739100
2019,宮島,198,49887644000,3047720800,28751741200,18088182000
2019,徳山,198,64186298100,2311310100,43876212700,17998775300
2019,下関,179,79734289800,1591639400,53281880200,24860770200
2019,若松,186,84012546400,2994331100,55231141600,25787073700
2019,芦屋,192,59363502600,3184755600,39806200600,16372546400
2019,福岡,190,50517776200,7897158300,27803157600,14817460300
2019,唐津,192,57774439400,1439557600,40399332100,15935549700
2019,大村,198,105581382000,2155994400,73379618200,30045769400
2020,桐生,188,122546919300,4164920700,95804673800,22577324800
2020,戸田,195,72310172100,6025777500,49560206500,16724188100
2020,江戸川,180,61518901600,6022018600,44531838500,10965044500
2020,平和島,180,79279142400,5837394600,55722954400,17718793400
2020,多摩川,188,70632768800,5321046200,49905495400,15406227200
2020,浜名湖,200,71940742000,6035088300,50494665200,15410988500
2020,蒲郡,192,133175032700,5310768900,103852382600,24011881200
2020,常滑,200,52768291000,4341226100,36767935300,11659129600
2020,津,192,56383571900,3265543100,43730032700,9387996100
2020,三国,192,66568637600,2430450500,52658408000,11479779100
2020,琵琶湖,186,67531377500,2602290000,48889490700,16039596800
2020,住之江,186,136361208800,7142350400,106577137700,22641720700
2020,尼崎,186,62492014400,4260478600,43281847400,14949688400
2020,鳴門,186,70628768800,2099477100,56076947100,12452344600
2020,丸亀,198,139990584400,2700719900,113328216000,23961648500
2020,児島,198,62210455600,4352135200,44999425300,12858895100
2020,宮島,198,70578982400,2335134900,53058166200,15185681300
2020,徳山,204,83551561600,1893590600,68839375900,12818595100
2020,下関,186,123320760700,1177556900,101865997500,20277206300
2020,若松,192,116776484400,2204948900,94675747500,19895788000
2020,芦屋,198,82016567900,2428907400,67424761700,12162898800
2020,福岡,192,63074867600,6640745100,44660810800,11773311700
2020,唐津,186,70309705700,844936100,58760397700,10704371900
2020,大村,198,159174658800,1737296400,130059662000,27377700400
2021,桐生,194,143360663000,5312430900,112232627600,25815604500
2021,戸田,198,90020377500,11491212000,58164174300,20364991200
2021,江戸川,180,72452650200,7067534700,52023597100,13361518400
2021,平和島,180,81712065400,6624367900,56277766300,18809931200
2021,多摩川,190,86314172300,6863463600,61073685100,18377023600
2021,浜名湖,202,75867468100,6915704500,53956546400,14995217200
2021,蒲郡,192,154602179700,5997124800,122679930800,25925124100
2021,常滑,200,62556305900,4890627200,44541441800,13124236900
2021,津,178,55170435300,3248983200,41229852800,10691599300
2021,三国,191,67099682400,2990198200,53856250600,10253233600
2021,琵琶湖,186,72240489000,3794532700,52505153100,15940803200
2021,住之江,186,157562495400,7250338400,122486179800,27825977200
2021,尼崎,185,74009050700,4692754400,52583790600,16732505700
2021,鳴門,184,71360563200,2638957800,56844433100,11877172300
2021,丸亀,199,148517327700,2600393000,120935612900,24981321800
2021,児島,198,83479910900,4445139800,62143476200,16891294900
2021,宮島,198,86150574800,2928716000,65266316700,17955542100
2021,徳山,198,82661470300,1943918400,66856487700,13861064200
2021,下関,186,140258530700,1458767500,115730117800,23069645400
2021,若松,196,149841442900,2885870300,121633248500,25322324100
2021,芦屋,198,96899421800,3359294900,77104943200,16435183700
2021,福岡,192,86700056200,8195804400,61660710400,16843541400
2021,唐津,186,77834791600,1280725100,64218250700,12335815800
2021,大村,198,175949136100,2393874100,145407830200,28147431800
